
--
-- Estrutura da tabela 'paantecedente_medico'
--

TRUNCATE paantecedente_medico CASCADE;

--
-- Creating index for 'paantecedente_medico'
--


--
-- Estrutura da tabela 'paantecedente_ocular'
--

TRUNCATE paantecedente_ocular CASCADE;

--
-- Creating index for 'paantecedente_ocular'
--


--
-- Estrutura da tabela 'paclientes'
--

TRUNCATE paclientes CASCADE;

--
-- Creating index for 'paclientes'
--


--
-- Estrutura da tabela 'paempleados'
--

TRUNCATE paempleados CASCADE;

--
-- Creating index for 'paempleados'
--


--
-- Estrutura da tabela 'paencomendero'
--

TRUNCATE paencomendero CASCADE;

--
-- Creating index for 'paencomendero'
--


--
-- Estrutura da tabela 'pagarantia'
--

TRUNCATE pagarantia CASCADE;

--
-- Creating index for 'pagarantia'
--


--
-- Estrutura da tabela 'pagastos'
--

TRUNCATE pagastos CASCADE;

--
-- Creating index for 'pagastos'
--


--
-- Estrutura da tabela 'palensometria'
--

TRUNCATE palensometria CASCADE;

--
-- Creating index for 'palensometria'
--


--
-- Estrutura da tabela 'pamarca'
--

TRUNCATE pamarca CASCADE;

--
-- Creating index for 'pamarca'
--


--
-- Estrutura da tabela 'pamedidas'
--

TRUNCATE pamedidas CASCADE;

--
-- Creating index for 'pamedidas'
--


--
-- Estrutura da tabela 'papregunta'
--

TRUNCATE papregunta CASCADE;

--
-- Creating index for 'papregunta'
--


--
-- Estrutura da tabela 'paproveedor'
--

TRUNCATE paproveedor CASCADE;

--
-- Creating index for 'paproveedor'
--


--
-- Estrutura da tabela 'parefraccion'
--

TRUNCATE parefraccion CASCADE;

--
-- Creating index for 'parefraccion'
--


--
-- Estrutura da tabela 'pbcompra'
--

TRUNCATE pbcompra CASCADE;

--
-- Creating index for 'pbcompra'
--


--
-- Estrutura da tabela 'pbencomienda'
--

TRUNCATE pbencomienda CASCADE;

--
-- Creating index for 'pbencomienda'
--


--
-- Estrutura da tabela 'pbexpediente2'
--

TRUNCATE pbexpediente2 CASCADE;

--
-- Creating index for 'pbexpediente2'
--


--
-- Estrutura da tabela 'pbordenc'
--

TRUNCATE pbordenc CASCADE;

--
-- Creating index for 'pbordenc'
--


--
-- Estrutura da tabela 'pbproductos'
--

TRUNCATE pbproductos CASCADE;

--
-- Creating index for 'pbproductos'
--


--
-- Estrutura da tabela 'pbusuarios'
--

TRUNCATE pbusuarios CASCADE;

--
-- Creating index for 'pbusuarios'
--


--
-- Estrutura da tabela 'pcbitacora'
--

TRUNCATE pcbitacora CASCADE;

--
-- Creating index for 'pcbitacora'
--


--
-- Estrutura da tabela 'pcdetalle_compra'
--

TRUNCATE pcdetalle_compra CASCADE;

--
-- Creating index for 'pcdetalle_compra'
--


--
-- Estrutura da tabela 'pcdetalle_encomienda'
--

TRUNCATE pcdetalle_encomienda CASCADE;

--
-- Creating index for 'pcdetalle_encomienda'
--


--
-- Estrutura da tabela 'pcefectivo'
--

TRUNCATE pcefectivo CASCADE;

--
-- Creating index for 'pcefectivo'
--


--
-- Estrutura da tabela 'pcexamen'
--

TRUNCATE pcexamen CASCADE;

--
-- Creating index for 'pcexamen'
--


--
-- Estrutura da tabela 'pcnotab'
--

TRUNCATE pcnotab CASCADE;

--
-- Creating index for 'pcnotab'
--


--
-- Estrutura da tabela 'pcpre_us'
--

TRUNCATE pcpre_us CASCADE;

--
-- Creating index for 'pcpre_us'
--


--
-- Estrutura da tabela 'pddetalle_examen'
--

TRUNCATE pddetalle_examen CASCADE;

--
-- Creating index for 'pddetalle_examen'
--


--
-- Estrutura da tabela 'pddetalle_notab'
--

TRUNCATE pddetalle_notab CASCADE;

--
-- Creating index for 'pddetalle_notab'
--


--
-- Estrutura da tabela 'paantecedente_medico'
--
INSERT INTO paantecedente_medico VALUES ('1','Niveles altos de glucosa',NULL,NULL,NULL,NULL);
INSERT INTO paantecedente_medico VALUES ('2','Niveles altos de glucosa',NULL,NULL,NULL,NULL);
INSERT INTO paantecedente_medico VALUES ('3',NULL,NULL,NULL,NULL,NULL);


--
-- Creating index for 'paantecedente_medico'
--


--
-- Estrutura da tabela 'paantecedente_ocular'
--
INSERT INTO paantecedente_ocular VALUES ('1',NULL,NULL,NULL,NULL,NULL,NULL,NULL);
INSERT INTO paantecedente_ocular VALUES ('2',NULL,NULL,NULL,NULL,NULL,NULL,NULL);
INSERT INTO paantecedente_ocular VALUES ('3',NULL,NULL,NULL,NULL,NULL,NULL,NULL);


--
-- Creating index for 'paantecedente_ocular'
--


--
-- Estrutura da tabela 'paclientes'
--
INSERT INTO paclientes VALUES ('RS4','Luis ','Perez','10','M','2378-1628','Adasdb','2008-06-02','2018-11-10');
INSERT INTO paclientes VALUES ('SI5','Jose ','Martinez','48','M','7798-1729','ajhdakjsda','1970-07-06','2018-11-10');
INSERT INTO paclientes VALUES ('NO3','Alonso Manuel','Cortez Martinez','6','M','2365-6757','Col. Santa Elena, Casa #3, San Vicente ashakjshkjahsk','2012-01-02','2018-11-10');
INSERT INTO paclientes VALUES ('MO0','Brenda Raquel','Martinez Morales','17','F','2283-7218','Col. Santa Elena, San Vicente','2001-08-01','2018-10-11');
INSERT INTO paclientes VALUES ('OL1','Alex ','Orellana Corvera','48','M','7828-2828','San Esteban','2017-12-11','2018-10-25');
INSERT INTO paclientes VALUES ('AC2','Carolina ','Martinez','14','F','2801-9821','San Vicente','2004-04-02','2018-11-05');
INSERT INTO paclientes VALUES ('ZP6','Oscar','Perez','48','M','2121-2121','San Vicente','1991-05-07','2018-11-10');
INSERT INTO paclientes VALUES ('IM7','Mario','Ruiz','48','M','7878-9789','bxmznx','2005-05-05','2018-11-10');
INSERT INTO paclientes VALUES ('AL8','Maria','Alfaro','48','F','2131-3123','dadadna','2019-07-15','2018-11-10');
INSERT INTO paclientes VALUES ('RR9','Kevin','Ruiz 2','6','M','2121-2121','ajhsjka','2012-03-01','2018-11-10');


--
-- Creating index for 'paclientes'
--


--
-- Estrutura da tabela 'paempleados'
--
INSERT INTO paempleados VALUES (' I2','Julio Edgardo','Alvarado Rivas','2234-5654','7654-5678','45678765-4','M','2003-02-08','zacatecoluca casa #18','t','jalvaradorivsv@gmail.com');
INSERT INTO paempleados VALUES (' F3','Geissel Estefanie','Lopez Escamilla','2345-6789','7828-0192','23456765-4','F','2001-06-03','san salvador apopa','t','esteflopez@yahoo.com');
INSERT INTO paempleados VALUES ('EB5','Fernando Alberto','Garcia Poma','2888-8888','7888-8888','66668888-8','M','2018-06-09','Colonia lo olivares','t','uesFer@gmail.com');
INSERT INTO paempleados VALUES ('RA6','Elmer Antonio','Mejia rivas','2777-7777','6789-9000','55666666-6','M','2018-06-09','San rafael cedros','t','melmer@gmail.es');
INSERT INTO paempleados VALUES ('V 7','brenda del carmen','guillen maravilla','2988-8998','7688-6686','97797979-7','F','1930-06-09','San sebastian','t','brenda@gmail.com');
INSERT INTO paempleados VALUES (' N8','brenda','del carmen','2979-7397','7973-9393','82823838-3','F','2018-07-09','San sebastian','t','brenda');
INSERT INTO paempleados VALUES ('AO1','Alexander Enmanuel','Orellana Corvera','2689-9087','7898-0967','05720057-5','M','2000-10-04','Col. Santa Elenea, San Vicente','t','oc15018@ues.edu.sv');
INSERT INTO paempleados VALUES ('D 4','Alexandder Antonio ','Portillo Duran','2777-7777','9999-9999','99999999-9','M','2000-10-04','nini','t','ues@gmail.com');
INSERT INTO paempleados VALUES (' S1','Miguel Angel','Rivas Handal','2345-6789','7654-5678','09504984-3','M','2002-06-09','barrio san francisco san vicente','f','angelrivs@hotmail.com');
INSERT INTO paempleados VALUES ('HA123','Francisco Antonio','Hernandez Alfaro','2398-2838','7289-2931','93929299-3','M','1997-08-22','San Vicente','t','fran@gmail.com');


--
-- Creating index for 'paempleados'
--


--
-- Estrutura da tabela 'paencomendero'
--
INSERT INTO paencomendero VALUES ('1','Francisco Antonio','Hernandez Alfaro','2392-3922','7282-3232','t');


--
-- Creating index for 'paencomendero'
--


--
-- Estrutura da tabela 'pagarantia'
--
INSERT INTO pagarantia VALUES ('1','0','Sin garantia');
INSERT INTO pagarantia VALUES ('2','3','Economica');
INSERT INTO pagarantia VALUES ('3','6','Clase media');
INSERT INTO pagarantia VALUES ('4','8','Clase alta');


--
-- Creating index for 'pagarantia'
--


--
-- Estrutura da tabela 'pagastos'
--


--
-- Creating index for 'pagastos'
--


--
-- Estrutura da tabela 'palensometria'
--
INSERT INTO palensometria VALUES ('1','0','0','0','0','0','0','0','0','0','0','0','0','0','0','0','0',NULL);
INSERT INTO palensometria VALUES ('2','0','0','0','0','0','0','0','0','0','0','0','0','0','0','0','0',NULL);
INSERT INTO palensometria VALUES ('3','0','0','0','0','0','0','0','0','0','0','0','0','0','0','0','0',NULL);


--
-- Creating index for 'palensometria'
--


--
-- Estrutura da tabela 'pamarca'
--
INSERT INTO pamarca VALUES ('1','Guess');
INSERT INTO pamarca VALUES ('2','Convers');
INSERT INTO pamarca VALUES ('3','Aspire');
INSERT INTO pamarca VALUES ('4','Amadeus');
INSERT INTO pamarca VALUES ('5','Converse');
INSERT INTO pamarca VALUES ('6','Valenciaga');
INSERT INTO pamarca VALUES ('7','La Coste');
INSERT INTO pamarca VALUES ('8','Nautica');
INSERT INTO pamarca VALUES ('9','Totto');
INSERT INTO pamarca VALUES ('10','Nike');
INSERT INTO pamarca VALUES ('11','Baron');
INSERT INTO pamarca VALUES ('12','Nova');
INSERT INTO pamarca VALUES ('13','Prime');
INSERT INTO pamarca VALUES ('14','Izod');
INSERT INTO pamarca VALUES ('15','Covergirl');
INSERT INTO pamarca VALUES ('16','Gucci');
INSERT INTO pamarca VALUES ('17','Dolce Y Gabbana');
INSERT INTO pamarca VALUES ('18','Carrera');
INSERT INTO pamarca VALUES ('19','Ray-Ban');
INSERT INTO pamarca VALUES ('20','New Balance');
INSERT INTO pamarca VALUES ('21','Tommy Hilfiger');
INSERT INTO pamarca VALUES ('22','Jaguar ');
INSERT INTO pamarca VALUES ('23',' Vogue Eyewear');
INSERT INTO pamarca VALUES ('24',' Spy');
INSERT INTO pamarca VALUES ('25','Saint Laurent');
INSERT INTO pamarca VALUES ('26',' Michael Kors xD');


--
-- Creating index for 'pamarca'
--


--
-- Estrutura da tabela 'pamedidas'
--
INSERT INTO pamedidas VALUES ('1','1','2','2','-1','1','RA6',NULL);
INSERT INTO pamedidas VALUES ('2','2','2','-2','-2','2','RA6',NULL);
INSERT INTO pamedidas VALUES ('3','1','1','-1','1','1','AO1',NULL);


--
-- Creating index for 'pamedidas'
--


--
-- Estrutura da tabela 'papregunta'
--
INSERT INTO papregunta VALUES ('3','¿hace cuanto existe la optica?','t');
INSERT INTO papregunta VALUES ('2','¿Quien es el dueño de la optica vision central?','t');
INSERT INTO papregunta VALUES ('1','¿Como se llama la Optica?','t');
INSERT INTO papregunta VALUES ('4','que pex :v','f');
INSERT INTO papregunta VALUES ('5','como se llama usted?','f');
INSERT INTO papregunta VALUES ('6','khe pex','f');
INSERT INTO papregunta VALUES ('7','saber','f');


--
-- Creating index for 'papregunta'
--


--
-- Estrutura da tabela 'paproveedor'
--
INSERT INTO paproveedor VALUES ('3','Carlos Josue','Villalta Lopez','Optica Crystal SV','2234-5654','6789-0987','San Salvador','t','crystalsv@yahoo.com');
INSERT INTO paproveedor VALUES ('2','Fasj','Assss','Ojo Bueno Optica','2888-8888','6567-8987','asas','t','ojobueno@gmail.com');
INSERT INTO paproveedor VALUES ('1','Ramon','Valdez','Optica Iris Bendicion','2333-3333','6345-3463','san vicente','t','irisoptic@outlook.com');
INSERT INTO paproveedor VALUES ('5','Oscar','Peraza','Chupitos S.A DE C.V','2342-1212','7879-9121','San Salvador','t','chupitossv@gmail.com');
INSERT INTO paproveedor VALUES ('4','Fernando Josue','Hernandez Arevalo','Fudem','2987-8767','7898-9899','San Vicente','t','fudem@gmail.com');


--
-- Creating index for 'paproveedor'
--


--
-- Estrutura da tabela 'parefraccion'
--
INSERT INTO parefraccion VALUES ('1','1.2','2.1','2.1','1.3','1.3','1.2','1.5','1.4','-2.1','-1.3','1.1','1.2','0.2','0.5','0.9','1.1','1.3','1.4','1.1','1.3',NULL);
INSERT INTO parefraccion VALUES ('2','2','1','-1','-1','1','-1','1','-1','-1','1','1','2','1','-1','-2','2','-2','2','-1','-1',NULL);
INSERT INTO parefraccion VALUES ('3','1','-1','1','-1','1','-1','1','-2','1','2','-1','2','1','2','-1','2','-1','1','-1','1',NULL);


--
-- Creating index for 'parefraccion'
--


--
-- Estrutura da tabela 'pbcompra'
--
INSERT INTO pbcompra VALUES ('1','AO1','2018-05-10','250.00','0','0','0.00');
INSERT INTO pbcompra VALUES ('3','AO1','2018-05-10','100.00','0','0','0.00');
INSERT INTO pbcompra VALUES ('4','AO1','2018-11-17','16900.00','1','1','12187.40');
INSERT INTO pbcompra VALUES ('2','AO1','2018-05-10','500.00','10','30','276.55');
INSERT INTO pbcompra VALUES ('5','V 7','2018-07-18','10000.00','5','30','654.00');
INSERT INTO pbcompra VALUES ('6','AO1','2018-11-20','110743.00','0','0','0.00');
INSERT INTO pbcompra VALUES ('7','AO1','2018-11-20','19765.00','10','30','1500.00');


--
-- Creating index for 'pbcompra'
--


--
-- Estrutura da tabela 'pbencomienda'
--
INSERT INTO pbencomienda VALUES ('1','2019-01-12','t','1','dsf','2019-01-12');


--
-- Creating index for 'pbencomienda'
--


--
-- Estrutura da tabela 'pbexpediente2'
--
INSERT INTO pbexpediente2 VALUES ('2018-BM-001','MO0');
INSERT INTO pbexpediente2 VALUES ('2018-AC-001','OL1');
INSERT INTO pbexpediente2 VALUES ('2018-CM-001','AC2');
INSERT INTO pbexpediente2 VALUES ('2018-AC-002','NO3');
INSERT INTO pbexpediente2 VALUES ('2018-LP-001','RS4');
INSERT INTO pbexpediente2 VALUES ('2018-JM-001','SI5');
INSERT INTO pbexpediente2 VALUES ('2018-OP-001','ZP6');
INSERT INTO pbexpediente2 VALUES ('2018-MR-001','IM7');
INSERT INTO pbexpediente2 VALUES ('2018-MA-001','AL8');
INSERT INTO pbexpediente2 VALUES ('2018-KR-001','RR9');


--
-- Creating index for 'pbexpediente2'
--


--
-- Estrutura da tabela 'pbordenc'
--
INSERT INTO pbordenc VALUES ('1','2018-10-05','20','AO1','MO0');
INSERT INTO pbordenc VALUES ('2','2018-10-05','20','AO1','MO0');
INSERT INTO pbordenc VALUES ('3','2018-10-05','211.98','AO1','OL1');
INSERT INTO pbordenc VALUES ('4','2018-11-30','10','AO1','OL1');
INSERT INTO pbordenc VALUES ('5','2018-12-16','436','AO1','RS4');
INSERT INTO pbordenc VALUES ('6','2018-12-16','436','AO1','RS4');
INSERT INTO pbordenc VALUES ('7','2018-12-16','12','HA123','NO3');
INSERT INTO pbordenc VALUES ('8','2018-12-17','129','HA123','MO0');
INSERT INTO pbordenc VALUES ('9','2018-12-17','34','HA123','AC2');
INSERT INTO pbordenc VALUES ('10','2018-12-19','322','AO1','NO3');
INSERT INTO pbordenc VALUES ('11','2019-01-04','15','AO1','ZP6');
INSERT INTO pbordenc VALUES ('12','2019-01-10','270','AO1','IM7');
INSERT INTO pbordenc VALUES ('13','2019-01-12','140','AO1','IM7');
INSERT INTO pbordenc VALUES ('14','2019-01-12','90','AO1','IM7');
INSERT INTO pbordenc VALUES ('15','2019-01-12','40','AO1','IM7');
INSERT INTO pbordenc VALUES ('16','2019-01-12','65','AO1','IM7');
INSERT INTO pbordenc VALUES ('17','2019-01-12','30','AO1','IM7');
INSERT INTO pbordenc VALUES ('18','2019-01-13','190','AO1','IM7');
INSERT INTO pbordenc VALUES ('19','2019-01-13','190','AO1','IM7');
INSERT INTO pbordenc VALUES ('20','2019-01-13','190','AO1','IM7');
INSERT INTO pbordenc VALUES ('21','2019-01-13','155','AO1','IM7');
INSERT INTO pbordenc VALUES ('22','2019-01-13','155','AO1','IM7');


--
-- Creating index for 'pbordenc'
--


--
-- Estrutura da tabela 'pbproductos'
--
INSERT INTO pbproductos VALUES ('Convers','Convers kid','17488','34','Verde','45','4','1','2','t','Lente');
INSERT INTO pbproductos VALUES ('Estuche FX','Estuche FX','17473','25','Violeta','30','1','1','1','t','Accesorio');
INSERT INTO pbproductos VALUES ('Aviador','Degradado','15545','69','Rojo','105.99','2','1','1','t','Lente');
INSERT INTO pbproductos VALUES ('DG3269F ','Asian Fit 501','0','150','Negro','185','4','1','17','t','Lente');
INSERT INTO pbproductos VALUES ('GG0004O 003','Carey','0','275','Rojo y azul','350','4','4','16','t','Lente');
INSERT INTO pbproductos VALUES ('7090 010','Na','0','133','Verde','161','3','4','10','t','Lente');
INSERT INTO pbproductos VALUES ('51 Kids 10G','CARRERINO ','0','88','Negro Mate','126','2','3','18','t','Lente');
INSERT INTO pbproductos VALUES ('RY1544 3579','Ray-Ban Junior','0','104','Blanco','160','2','5','19','t','Lente');
INSERT INTO pbproductos VALUES ('NB5017','Kids C01','0','77','Carey','110','2','3','20','t','Lente');
INSERT INTO pbproductos VALUES ('TH 1237 1IA','Street TH','0','200','Rojo y Negro','250','4','3','21','t','Lente');
INSERT INTO pbproductos VALUES ('33552 779','Spirit','0','181','Verde y blanco','218','3','1','22','t','Lente');
INSERT INTO pbproductos VALUES ('RX5187 2000','Highstreet ','0','179','Negro','225','4','4','19','t','Lente');
INSERT INTO pbproductos VALUES ('VO2714 2406','Light & Shine ','0','78','Carey','111','3','5','23','t','Lente');
INSERT INTO pbproductos VALUES ('SRX00053','TRENTON ','0','156','Azul','205','3','5','24','t','Lente');
INSERT INTO pbproductos VALUES ('SL 12/F 003','Asian Fit ','0','211','Tortuga negra','300','4','5','25','t','Lente');
INSERT INTO pbproductos VALUES ('MK8001 3001','RAVENNA','0','205','Negro','300','4','5','26','t','Lente');
INSERT INTO pbproductos VALUES ('MK4026 3006','SADIE V','0','210','Carey','295','4','5','26','t','Lente');
INSERT INTO pbproductos VALUES ('SL 130 001','COMBI ','0','245','Blanco','341','4','4','25','t','Lente');
INSERT INTO pbproductos VALUES ('SL 178 002','SLIM','0','197','Azul','257','3','3','25','t','Lente');
INSERT INTO pbproductos VALUES ('DG1293 01','Man Display','0','85','Transparente','110','2','1','17','t','Lente');


--
-- Creating index for 'pbproductos'
--


--
-- Estrutura da tabela 'pbusuarios'
--
INSERT INTO pbusuarios VALUES ('1','admin','YWRtaW4=','1','AO1');
INSERT INTO pbusuarios VALUES ('20','julio','ues123','2',' I2');
INSERT INTO pbusuarios VALUES ('21','julio1','ues123','2',' F3');
INSERT INTO pbusuarios VALUES ('22','fran2','ues123','2','RA6');
INSERT INTO pbusuarios VALUES ('23','admin2','12345asd','1','EB5');
INSERT INTO pbusuarios VALUES ('24','admin1','ues123','1','V 7');
INSERT INTO pbusuarios VALUES ('19','fran','sistemas2018','1','HA123');
INSERT INTO pbusuarios VALUES ('29','admin4','ues123','1','D 4');
INSERT INTO pbusuarios VALUES ('28','admin3','ues123','1',' N8');


--
-- Creating index for 'pbusuarios'
--


--
-- Estrutura da tabela 'pcbitacora'
--
INSERT INTO pcbitacora VALUES ('1','1','El administrador admin(Alexander Enmanuel Orellana Corvera) inició sesión','2018-11-16 21:05:31',NULL);
INSERT INTO pcbitacora VALUES ('2','1','El administrador admin (Alexander Enmanuel Orellana Corvera) inició sesión','2018-11-17 08:08:21',NULL);
INSERT INTO pcbitacora VALUES ('3','1','El administrador admin (Alexander Enmanuel Orellana Corvera) inició sesión','2018-11-17 14:08:54',NULL);
INSERT INTO pcbitacora VALUES ('4','1','El administrador admin (Alexander Enmanuel Orellana Corvera) inició sesión','2018-11-17 15:37:45',NULL);
INSERT INTO pcbitacora VALUES ('5','1','El administrador admin (Alexander Enmanuel Orellana Corvera) inició sesión','2018-11-17 17:08:36',NULL);
INSERT INTO pcbitacora VALUES ('6','1','El administrador admin (Alexander Enmanuel Orellana Corvera) inició sesión','2018-11-17 19:25:28',NULL);
INSERT INTO pcbitacora VALUES ('7','1','El administrador admin (Alexander Enmanuel Orellana Corvera) inició sesión','2018-11-18 08:16:19',NULL);
INSERT INTO pcbitacora VALUES ('8','1','El administrador admin (Alexander Enmanuel Orellana Corvera) inició sesión','2018-11-18 08:33:52',NULL);
INSERT INTO pcbitacora VALUES ('9','1','El administrador admin (Alexander Enmanuel Orellana Corvera) inició sesión','2018-11-18 08:37:26',NULL);
INSERT INTO pcbitacora VALUES ('10','1','El administrador admin (Alexander Enmanuel Orellana Corvera) inició sesión','2018-11-18 15:12:03',NULL);
INSERT INTO pcbitacora VALUES ('11','1','El administrador admin (Alexander Enmanuel Orellana Corvera) inició sesión','2018-11-19 12:39:57',NULL);
INSERT INTO pcbitacora VALUES ('12','1','El administrador admin (Alexander Enmanuel Orellana Corvera) inició sesión','2018-11-19 13:27:53',NULL);
INSERT INTO pcbitacora VALUES ('13','1','El administrador admin (Alexander Enmanuel Orellana Corvera) inició sesión','2018-11-19 18:40:34',NULL);
INSERT INTO pcbitacora VALUES ('14','1','El administrador admin (Alexander Enmanuel Orellana Corvera) inició sesión','2018-11-20 10:25:46',NULL);
INSERT INTO pcbitacora VALUES ('15','1','El administrador admin (Alexander Enmanuel Orellana Corvera) inició sesión','2018-11-20 10:58:34',NULL);
INSERT INTO pcbitacora VALUES ('16','1','El administrador admin (Alexander Enmanuel Orellana Corvera) inició sesión','2018-11-21 08:53:22',NULL);
INSERT INTO pcbitacora VALUES ('17','1','El administrador admin (Alexander Enmanuel Orellana Corvera) inició sesión','2018-11-21 13:00:24',NULL);
INSERT INTO pcbitacora VALUES ('18','1','El administrador admin (Alexander Enmanuel Orellana Corvera) inició sesión','2018-11-21 15:50:34',NULL);
INSERT INTO pcbitacora VALUES ('19','1','El administrador admin (Alexander Enmanuel Orellana Corvera) inició sesión','2018-11-21 16:08:02',NULL);
INSERT INTO pcbitacora VALUES ('20','1','El administrador admin (Alexander Enmanuel Orellana Corvera) inició sesión','2018-11-21 16:11:00',NULL);
INSERT INTO pcbitacora VALUES ('21','1','El administrador admin (Alexander Enmanuel Orellana Corvera) inició sesión','2018-11-21 19:42:43',NULL);
INSERT INTO pcbitacora VALUES ('22','1','El administrador admin (Alexander Enmanuel Orellana Corvera) inició sesión','2018-11-22 01:03:30',NULL);
INSERT INTO pcbitacora VALUES ('23','1','El administrador admin (Alexander Enmanuel Orellana Corvera) inició sesión','2018-11-22 07:24:15',NULL);
INSERT INTO pcbitacora VALUES ('24','1','El administrador admin (Alexander Enmanuel Orellana Corvera) inició sesión','2018-11-26 12:59:14',NULL);
INSERT INTO pcbitacora VALUES ('25','1','El administrador admin (Alexander Enmanuel Orellana Corvera) inició sesión','2018-11-26 15:41:21',NULL);
INSERT INTO pcbitacora VALUES ('26','1','El administrador admin (Alexander Enmanuel Orellana Corvera) inició sesión','2018-11-30 18:48:15',NULL);
INSERT INTO pcbitacora VALUES ('27','1','El administrador admin (Alexander Enmanuel Orellana Corvera) inició sesión','2018-12-07 09:37:09',NULL);
INSERT INTO pcbitacora VALUES ('28','1','El administrador admin (Alexander Enmanuel Orellana Corvera) inició sesión','2018-12-16 13:29:41',NULL);
INSERT INTO pcbitacora VALUES ('29','19','El administrador fran (Francisco Antonio Hernandez Alfaro) inició sesión','2018-12-16 15:03:12',NULL);
INSERT INTO pcbitacora VALUES ('30','19','El administrador fran (Francisco Antonio Hernandez Alfaro) inició sesión','2018-12-17 10:13:48',NULL);
INSERT INTO pcbitacora VALUES ('31','19','El administrador fran (Francisco Antonio Hernandez Alfaro) inició sesión','2018-12-17 20:48:30',NULL);
INSERT INTO pcbitacora VALUES ('32','1','El administrador admin (Alexander Enmanuel Orellana Corvera) inició sesión','2018-12-19 08:40:57',NULL);
INSERT INTO pcbitacora VALUES ('33','19','El administrador fran (Francisco Antonio Hernandez Alfaro) inició sesión','2018-12-27 11:39:06',NULL);
INSERT INTO pcbitacora VALUES ('34','1','El administrador admin (Alexander Enmanuel Orellana Corvera) inició sesión','2019-01-02 21:06:29',NULL);
INSERT INTO pcbitacora VALUES ('35','1','El administrador admin (Alexander Enmanuel Orellana Corvera) inició sesión','2019-01-03 15:03:56',NULL);
INSERT INTO pcbitacora VALUES ('36','1','El administrador admin (Alexander Enmanuel Orellana Corvera) inició sesión','2019-01-03 22:46:25',NULL);
INSERT INTO pcbitacora VALUES ('37','1','El administrador admin (Alexander Enmanuel Orellana Corvera) inició sesión','2019-01-04 00:33:25',NULL);
INSERT INTO pcbitacora VALUES ('38','1','El administrador admin (Alexander Enmanuel Orellana Corvera) inició sesión','2019-01-04 01:07:57',NULL);
INSERT INTO pcbitacora VALUES ('39','1','El administrador admin (Alexander Enmanuel Orellana Corvera) inició sesión','2019-01-04 19:22:56',NULL);
INSERT INTO pcbitacora VALUES ('40','1','El administrador admin (Alexander Enmanuel Orellana Corvera) inició sesión','2019-01-04 19:44:04',NULL);
INSERT INTO pcbitacora VALUES ('41','1','El administrador admin (Alexander Enmanuel Orellana Corvera) inició sesión','2019-01-06 22:03:01',NULL);
INSERT INTO pcbitacora VALUES ('42','1','El administrador admin (Alexander Enmanuel Orellana Corvera) inició sesión','2019-01-08 15:22:36',NULL);
INSERT INTO pcbitacora VALUES ('43','1','El administrador admin (Alexander Enmanuel Orellana Corvera) inició sesión','2019-01-08 20:04:20',NULL);
INSERT INTO pcbitacora VALUES ('44','1','El administrador admin (Alexander Enmanuel Orellana Corvera) inició sesión','2019-01-10 20:24:34',NULL);
INSERT INTO pcbitacora VALUES ('45','1','El administrador admin (Alexander Enmanuel Orellana Corvera) inició sesión','2019-01-11 19:20:31',NULL);
INSERT INTO pcbitacora VALUES ('46','1','El administrador admin (Alexander Enmanuel Orellana Corvera) inició sesión','2019-01-11 21:48:30',NULL);
INSERT INTO pcbitacora VALUES ('47','1','El administrador admin (Alexander Enmanuel Orellana Corvera) inició sesión','2019-01-12 17:57:25',NULL);
INSERT INTO pcbitacora VALUES ('48','1','El administrador admin (Alexander Enmanuel Orellana Corvera) inició sesión','2019-01-12 19:41:06',NULL);
INSERT INTO pcbitacora VALUES ('49','1','El usuario admin inició sesión','2019-01-13 20:36:47',NULL);
INSERT INTO pcbitacora VALUES ('50','1','El usuario admin inició sesión','2019-01-14 00:23:31',NULL);


--
-- Creating index for 'pcbitacora'
--


--
-- Estrutura da tabela 'pcdetalle_compra'
--
INSERT INTO pcdetalle_compra VALUES ('1','Convers','5','1','50.00');
INSERT INTO pcdetalle_compra VALUES ('2','Convers','10','2','50.00');
INSERT INTO pcdetalle_compra VALUES ('3','Convers','2','3','50.00');
INSERT INTO pcdetalle_compra VALUES ('4','Estuche FX','100','4','25.00');
INSERT INTO pcdetalle_compra VALUES ('5','Convers','150','4','50.00');
INSERT INTO pcdetalle_compra VALUES ('6','Aviador','100','4','69.00');
INSERT INTO pcdetalle_compra VALUES ('7','Estuche FX','1877','6','25.00');
INSERT INTO pcdetalle_compra VALUES ('8','Convers','1877','6','34.00');
INSERT INTO pcdetalle_compra VALUES ('9','Convers','15444','7','34.00');
INSERT INTO pcdetalle_compra VALUES ('10','Estuche FX','15444','7','25.00');
INSERT INTO pcdetalle_compra VALUES ('11','Aviador','15444','7','69.00');


--
-- Creating index for 'pcdetalle_compra'
--


--
-- Estrutura da tabela 'pcdetalle_encomienda'
--
INSERT INTO pcdetalle_encomienda VALUES ('1','1','DG1293 01','AC2','VIDRIO','PROGRESIVO');


--
-- Creating index for 'pcdetalle_encomienda'
--


--
-- Estrutura da tabela 'pcefectivo'
--


--
-- Creating index for 'pcefectivo'
--


--
-- Estrutura da tabela 'pcexamen'
--
INSERT INTO pcexamen VALUES ('1',NULL,'1','1','1','1','1','2018-10-04','RA6','2018-BM-001');
INSERT INTO pcexamen VALUES ('2',NULL,'2','2','2','2','2','2018-10-05','RA6','2018-AC-001');
INSERT INTO pcexamen VALUES ('3',NULL,'3','3','3','3','3','2018-11-21','AO1','2018-AC-001');


--
-- Creating index for 'pcexamen'
--


--
-- Estrutura da tabela 'pcnotab'
--
INSERT INTO pcnotab VALUES ('1','10','2018-10-05','AO1','1');
INSERT INTO pcnotab VALUES ('2','20','2018-10-05','AO1','2');
INSERT INTO pcnotab VALUES ('3','100','2018-10-05','AO1','3');
INSERT INTO pcnotab VALUES ('4','50','2018-11-20','AO1','3');
INSERT INTO pcnotab VALUES ('5','5','2018-11-30','AO1','4');
INSERT INTO pcnotab VALUES ('6','60','2018-11-30','AO1','3');
INSERT INTO pcnotab VALUES ('7','1.98','2018-11-30','AO1','3');
INSERT INTO pcnotab VALUES ('8','200','2018-12-16','AO1','5');
INSERT INTO pcnotab VALUES ('9','200','2018-12-16','AO1','6');
INSERT INTO pcnotab VALUES ('10','8','2018-12-16','HA123','7');
INSERT INTO pcnotab VALUES ('11','200','2018-12-16','HA123','6');
INSERT INTO pcnotab VALUES ('12','29','2018-12-17','HA123','8');
INSERT INTO pcnotab VALUES ('13','10','2018-12-17','HA123','1');
INSERT INTO pcnotab VALUES ('14','100','2018-12-17','HA123','8');
INSERT INTO pcnotab VALUES ('15','3','2018-12-17','HA123','4');
INSERT INTO pcnotab VALUES ('16','34','2018-12-17','HA123','9');
INSERT INTO pcnotab VALUES ('17','2','2018-12-17','HA123','4');
INSERT INTO pcnotab VALUES ('18','200','2018-12-17','HA123','5');
INSERT INTO pcnotab VALUES ('19','100','2018-12-19','AO1','10');
INSERT INTO pcnotab VALUES ('20','10','2019-01-04','AO1','5');
INSERT INTO pcnotab VALUES ('21','5','2019-01-04','AO1','11');
INSERT INTO pcnotab VALUES ('22','100','2019-01-10','AO1','12');
INSERT INTO pcnotab VALUES ('23','10','2019-01-11','AO1','12');
INSERT INTO pcnotab VALUES ('24','19','2019-01-12','AO1','13');
INSERT INTO pcnotab VALUES ('25','10','2019-01-12','AO1','14');
INSERT INTO pcnotab VALUES ('26','80','2019-01-12','AO1','14');
INSERT INTO pcnotab VALUES ('27','10','2019-01-12','AO1','15');
INSERT INTO pcnotab VALUES ('28','10','2019-01-12','AO1','16');
INSERT INTO pcnotab VALUES ('29','10','2019-01-12','AO1','17');
INSERT INTO pcnotab VALUES ('30','100','2019-01-13','AO1','18');
INSERT INTO pcnotab VALUES ('31','100','2019-01-13','AO1','19');
INSERT INTO pcnotab VALUES ('32','100','2019-01-13','AO1','20');
INSERT INTO pcnotab VALUES ('33','100','2019-01-13','AO1','21');
INSERT INTO pcnotab VALUES ('34','90','2019-01-13','AO1','22');


--
-- Creating index for 'pcnotab'
--


--
-- Estrutura da tabela 'pcpre_us'
--
INSERT INTO pcpre_us VALUES ('1','1','19','Optica Vision Central');
INSERT INTO pcpre_us VALUES ('2','3','20','hace 3');
INSERT INTO pcpre_us VALUES ('3','3','21','no se');
INSERT INTO pcpre_us VALUES ('4','4','22','nada :v');
INSERT INTO pcpre_us VALUES ('5','5','23','no lo se, tu dime');
INSERT INTO pcpre_us VALUES ('6','1','24','OVC');
INSERT INTO pcpre_us VALUES ('7','6','28','no se');
INSERT INTO pcpre_us VALUES ('8','7','29','el que');


--
-- Creating index for 'pcpre_us'
--


--
-- Estrutura da tabela 'pddetalle_examen'
--
INSERT INTO pddetalle_examen VALUES ('2','IM7','2','Convers','f');
INSERT INTO pddetalle_examen VALUES ('1','AC2','1','DG1293 01','f');


--
-- Creating index for 'pddetalle_examen'
--


--
-- Estrutura da tabela 'pddetalle_notab'
--
INSERT INTO pddetalle_notab VALUES ('1','1',NULL,'2','examen',NULL);
INSERT INTO pddetalle_notab VALUES ('2','2',NULL,'2','examen',NULL);
INSERT INTO pddetalle_notab VALUES ('3','3','Aviador','2','lentes',NULL);
INSERT INTO pddetalle_notab VALUES ('4','5',NULL,'2','examen',NULL);
INSERT INTO pddetalle_notab VALUES ('5','8','33552 779','2','lentes',NULL);
INSERT INTO pddetalle_notab VALUES ('6','9','33552 779','2','lentes',NULL);
INSERT INTO pddetalle_notab VALUES ('7','10',NULL,'2','examen',NULL);
INSERT INTO pddetalle_notab VALUES ('8','12','VO2714 2406','2','Lente',NULL);
INSERT INTO pddetalle_notab VALUES ('9','12','VO2714 2406','2','Examen',NULL);
INSERT INTO pddetalle_notab VALUES ('10','16','Estuche FX','1','Examen',NULL);
INSERT INTO pddetalle_notab VALUES ('11','16','Estuche FX','1','Accesorio',NULL);
INSERT INTO pddetalle_notab VALUES ('12','19','7090 010','2','Lente',NULL);
INSERT INTO pddetalle_notab VALUES ('13','21',NULL,'5','Examen','-1');
INSERT INTO pddetalle_notab VALUES ('14','22','Convers','6','Lente','2');
INSERT INTO pddetalle_notab VALUES ('26','31','Convers','2','Lente','2');
INSERT INTO pddetalle_notab VALUES ('27','31','Estuche FX','1','Examen','-1');
INSERT INTO pddetalle_notab VALUES ('28','31',NULL,'3','Accesorio','-1');
INSERT INTO pddetalle_notab VALUES ('29','32','Convers','2','Lente','2');
INSERT INTO pddetalle_notab VALUES ('15','24','Convers','2','Lente',NULL);
INSERT INTO pddetalle_notab VALUES ('16','24','Convers','5','Examen',NULL);
INSERT INTO pddetalle_notab VALUES ('17','25','Convers','2','Lente','2');
INSERT INTO pddetalle_notab VALUES ('30','32','Estuche FX','1','Examen','-1');
INSERT INTO pddetalle_notab VALUES ('31','32',NULL,'3','Accesorio','-1');
INSERT INTO pddetalle_notab VALUES ('32','33','Convers','1','Lente','2');
INSERT INTO pddetalle_notab VALUES ('33','33',NULL,'2','Examen','-1');
INSERT INTO pddetalle_notab VALUES ('34','33',NULL,'3','Accesorio','-1');
INSERT INTO pddetalle_notab VALUES ('18','27',NULL,'2','Examen','-1');
INSERT INTO pddetalle_notab VALUES ('19','27',NULL,'2','Examen','-1');
INSERT INTO pddetalle_notab VALUES ('35','34','Convers','1','Lente','2');
INSERT INTO pddetalle_notab VALUES ('36','34',NULL,'2','Examen','-1');
INSERT INTO pddetalle_notab VALUES ('37','34','Estuche FX','3','Accesorio','-1');
INSERT INTO pddetalle_notab VALUES ('20','28','Convers','2','Examen','-1');
INSERT INTO pddetalle_notab VALUES ('21','28',NULL,'1','Lente','2');
INSERT INTO pddetalle_notab VALUES ('22','29','Estuche FX','1','Accesorio','-1');
INSERT INTO pddetalle_notab VALUES ('23','30','Convers','2','Lente','2');
INSERT INTO pddetalle_notab VALUES ('24','30','Estuche FX','1','Examen','-1');
INSERT INTO pddetalle_notab VALUES ('25','30','','3','Accesorio','-1');


--
-- Creating index for 'pddetalle_notab'
--

